dt,sigma_x,sigma_y,sigma_z,z
9.999999999999999e-06,6045095591491655.0,3.759777756377024e+16,66277982191.12729,50
4.9999999999999996e-05,3247474947362849.0,3074733115367690.0,27687928153.08949,50
9.999999999999999e-05,8054683011468976.0,4213751143826829.5,18211861851.754677,50
0.0005,782505562179381.4,46322743040231.85,13687616204.749098,50
0.001,570804159949944.0,489689990124813.2,56133269201.488625,50
0.01,4742373191706919.0,1.283124688865204e+16,3556151271456.0054,50
0.09999999999999999,1.1605385421728216e+20,8.803463018661698e+19,1.0434028603963234e+16,50
0.5,3.095032323866364e+20,2.9132214267199734e+21,2.3004195974230495e+18,50
1.0,3.6768812758223507e+20,1.4425408299726032e+20,3.976156022580512e+16,50
1.5,8.927674166613635e+16,9.378495996882747e+16,507376480379.5924,50
3.0,9.21226116885236e+21,1.4412728605356585e+22,5.301366429286369e+18,50
5.0,1.0767569774990664e+23,1.9009661137656787e+23,1.5694791868016102e+18,50
10.0,8.078865318560614e+23,5.27111024614275e+21,4.532980190937708e+21,50
9.999999999999999e-06,1.0298978924700235e+17,1.5256497163242528e+17,504445402732.81726,100
4.9999999999999996e-05,2.2649980309060276e+16,8571838048030264.0,42303971515.869545,100
9.999999999999999e-05,7432911131592391.0,3248257324110524.5,48074524564.07421,100
0.0005,2708098299993501.5,1002797542511526.5,50799779093.67436,100
0.001,849026832423714.0,1249569204855699.2,71658397868.56918,100
0.01,552582229331644.9,2453842580749982.5,291771494541.17554,100
0.09999999999999999,2.0992958004515434e+17,6.505504630965418e+17,55431605221447.5,100
0.5,2.4850341667249252e+20,4.36254866318886e+20,1.81678375044814e+17,100
1.0,9.079905619434817e+21,9.410047549538731e+21,7.055893804962605e+17,100
1.5,2.8411142519684153e+20,1.2217127002681833e+21,3.2560323817455896e+16,100
3.0,1.3274021762346772e+23,5.505026192448873e+22,2.964062629041529e+18,100
5.0,1.9739613404039666e+23,1.0440228762721755e+23,1.5371162597072842e+18,100
10.0,2.2678464311654175e+22,1.26129719999859e+24,2.156024814605609e+21,100
9.999999999999999e-06,1.0118649381463866e+18,3.060338175343438e+17,6963988055922.471,300
4.9999999999999996e-05,3.97384706248432e+17,1.2939511441029458e+17,1513469219317.1309,300
9.999999999999999e-05,3.459123947889965e+16,1.09491713001818e+17,301640111558.44214,300
0.0005,2.9667062603351056e+16,9030778550999330.0,219357197903.43234,300
0.001,1.0061794051148116e+16,1338344166681674.8,67154709894.505,300
0.01,665262644987082.4,2716843604835904.5,201375692293.27948,300
0.09999999999999999,7361492703898364.0,1.3639616311891518e+16,167664744037.5374,300
0.5,7.312831486743493e+18,1.1700310237496738e+19,3.1255792868595884e+16,300
1.0,2.9197738879612076e+20,1.229503232487842e+21,1.655395440123479e+17,300
1.5,3.9537678136469655e+21,4.797833379251747e+21,1.5211298813160036e+16,300
3.0,2.6303875296971724e+23,6.416073577394676e+22,1.7784728061557236e+19,300
5.0,3.6284762162163797e+21,1.0164732603122267e+22,4.871399115218488e+16,300
10.0,4.126205343287173e+20,7.349312799047894e+20,1.4573608150644238e+19,300
9.999999999999999e-06,4.913686111736478e+18,7.031475249620002e+18,1239327613014252.2,500
4.9999999999999996e-05,9.593200601355663e+17,1.745319304206001e+17,11411004962233.082,500
9.999999999999999e-05,1.3534547631375208e+17,3.7630592377089926e+17,3232931826135.3184,500
0.0005,1.1873567608181045e+17,1.0569196057431739e+17,1467838757879.2603,500
0.001,1.2522020010238299e+17,2.2626404184919504e+16,1508572527937.5151,500
0.01,3747767658299556.0,1.1200807221742384e+16,862822639756.2604,500
0.09999999999999999,1.0700627737143694e+16,3459049992604806.5,933825065043.278,500
0.5,4.105426160199773e+18,5.587004125018508e+18,585389473799019.4,500
1.0,5.507088131112671e+16,3.9668377467762024e+16,2762171367535.973,500
1.5,2.9030536673933e+21,1.5832714630125744e+22,1.5460714446766218e+18,500
3.0,1.3676322715702505e+21,8.175640128678173e+20,1.9556504613280504e+16,500
5.0,5.702571942870046e+21,1.2694950626539067e+22,8.465566268930086e+17,500
10.0,1.1988910648099945e+20,3.28764133514334e+19,1.587860175093776e+16,500
