recording,475,500,525,550,575,600,625,650,675
475,1.0000000000,0.9969968721,0.9953274514,0.9441530419,0.9934706670,0.9969855723,0.9981012104,0.9974452155,0.9892575773
500,0.9969968721,1.0000000000,0.9959327257,0.9466873536,0.9932541125,0.9965854403,0.9975968017,0.9950162756,0.9895993600
525,0.9953274514,0.9959327257,1.0000000000,0.9486079225,0.9947210441,0.9943675075,0.9961444831,0.9927074401,0.9876100596
550,0.9441530419,0.9466873536,0.9486079225,1.0000000000,0.9479510780,0.9425056662,0.9438652174,0.9392793174,0.9428436967
575,0.9934706670,0.9932541125,0.9947210441,0.9479510780,1.0000000000,0.9917923609,0.9928675554,0.9917215841,0.9849279581
600,0.9969855723,0.9965854403,0.9943675075,0.9425056662,0.9917923609,1.0000000000,0.9979761986,0.9973915413,0.9862833403
625,0.9981012104,0.9975968017,0.9961444831,0.9438652174,0.9928675554,0.9979761986,1.0000000000,0.9968314655,0.9871188773
650,0.9974452155,0.9950162756,0.9927074401,0.9392793174,0.9917215841,0.9973915413,0.9968314655,1.0000000000,0.9859543068
675,0.9892575773,0.9895993600,0.9876100596,0.9428436967,0.9849279581,0.9862833403,0.9871188773,0.9859543068,1.0000000000
